aX,aY,aZ,gX,gY,gZ
-3.397,1.518,-0.3,0.552,3.304,0.276
-3.379,1.542,-0.47,0.526,3.286,0.262
-2.938,1.517,-0.867,0.529,3.421,0.258
-5.599,2.509,-0.162,0.502,3.847,0.375
-6.359,2.167,-2.096,-0.023,3.059,0.217
-6.573,2.088,-3.134,0.031,2.148,0.101
-6.935,2.428,-2.999,0.228,2.342,0.102
-7.591,2.558,-3.567,0.02,1.999,0.195
-6.46,1.948,-4.72,-0.045,2.125,0.268
-8.452,2.225,-5.72,0.202,2.212,0.382
-7.426,2.644,-6.93,0.598,2.35,0.435
-9.449,3.873,-6.483,0.517,1.846,0.523
-9.65,3.634,-6.833,0.026,0.799,0.217
-9.477,3.651,-7.124,-0.312,0.153,-0.172
-7.039,2.963,-7.593,-0.214,0.303,-0.103
-10.026,3.22,-7.313,0,0.662,0.243
-9.243,3.748,-7.567,-0.28,-0.363,-0.161
-8.899,3.344,-7.098,-0.419,-0.619,-0.311
-7.556,2.884,-7.392,-0.073,0.329,0.166
-10.988,3.94,-6.278,-0.102,0.437,0.066
-9.659,3.275,-7.082,-0.366,-0.218,-0.164
-8.004,2.97,-7.21,-0.391,-0.799,-0.343
-8.667,2.708,-6.54,-0.164,0.158,0.099
-10.594,3.525,-5.855,-0.379,-0.918,-0.242
-9.48,3.264,-5.701,-0.883,-1.93,-0.727
-7.872,2.307,-5.428,-0.767,-2.088,-0.748
-7.315,2.164,-4.369,-0.423,-1.698,-0.45
-7.74,1.627,-3.456,-0.389,-1.588,-0.39
-6.461,1.894,-3.01,-0.42,-1.785,-0.408
-5.563,1.247,-2.564,-0.469,-1.596,-0.351
-5.004,1.249,-2.382,-0.274,-1.41,-0.213
-4.824,1.335,-1.585,-0.306,-1.168,-0.068
-4.448,1.355,-1.727,-0.433,-1.539,-0.25
-3.645,1.282,-1.317,-0.254,-1.014,-0.066
-4.399,1.231,-1.111,-0.404,-2.291,-0.195
-1.414,0.753,-1.016,-0.003,-1.274,-0.014
-2.768,1.668,0.108,-0.478,-2.706,-0.091
0.783,0.151,-0.605,-0.515,-1.118,-0.132
-0.563,0.765,-0.193,-0.076,-0.411,-0.016
0.327,0.605,0.008,0.021,-0.391,0.071
-0.128,1.022,0.593,-0.073,0.109,0.002
-0.217,0.915,0.311,-0.161,-0.146,-0.015
0.071,0.648,0.435,-0.05,0.128,-0.026
0.292,1.009,0.292,-0.092,0.22,-0.01
-0.138,1.045,0.52,-0.099,0.186,0.01
0.002,0.953,0.438,-0.28,0.058,-0.055
0.055,0.801,0.083,-0.156,0.288,-0.006
-0.133,1.056,0.249,-0.187,0.051,-0.009
0.135,0.819,0.245,-0.3,0.154,-0.091
-0.117,0.889,0.047,-0.24,-0.03,0.005
0.57,0.591,-0.28,-0.124,0.291,0.027
-0.275,1.015,0.359,-0.206,0.116,-0.002
0.436,0.704,-0.095,-0.32,-0.056,0.034
-0.146,0.778,-0.008,-0.128,0.262,0.05
0.005,0.722,0.05,-0.138,0.12,0.026
-0.019,0.778,0.315,-0.159,0.162,0.043
0.049,0.746,0.159,-0.201,0.06,0.034
-0.054,0.772,0.063,-0.125,0.242,0.019
-0.066,0.77,0.211,-0.21,0.012,-0.028
0.348,0.595,-0.045,-0.085,0.298,-0.009
-0.451,0.99,0.432,-0.195,0.029,-0.013
0.369,0.596,-0.023,-0.197,0.108,-0.047
-0.304,0.924,0.321,-0.141,0.194,-0.051
0.296,0.605,0.111,-0.199,0.107,-0.062
-0.069,0.785,0.189,-0.128,0.261,-0.031
0.17,0.752,0.18,-0.21,0.03,-0.041
0.283,0.694,0.018,-0.149,0.244,-0.01
-0.235,0.815,0.195,-0.183,0.089,-0.014
0.385,0.642,-0.035,-0.168,0.175,-0.01
-0.075,0.806,0.214,-0.137,0.175,0.025
0.136,0.682,0.053,-0.238,0.032,0.012
0.235,0.628,-0.065,-0.094,0.271,0.015
-0.238,0.852,0.297,-0.137,0.143,0.007
0.204,0.633,0.121,-0.112,0.192,0.005
-0.292,0.935,0.372,-0.167,0.146,-0.005
0.122,0.508,0.056,-0.204,0.078,-0.028
0.019,0.763,0.114,-0.084,0.275,-0.002
-0.146,0.766,0.215,-0.187,0.09,-0.013
0.176,0.722,-0.007,-0.116,0.212,-0.005
-0.19,0.821,0.224,-0.138,0.153,0.002
0.092,0.704,0.034,-0.167,0.116,-0.014
-0.145,0.861,0.239,-0.109,0.229,-0.006
-0.085,0.765,0.248,-0.253,-0.036,-0.018
0.099,0.672,-0.026,-0.127,0.21,-0.004
-0.208,0.9,0.335,-0.218,0.003,-0.021
0.29,0.622,-0.139,-0.156,0.166,0
-0.304,0.862,0.334,-0.165,0.143,-0.01
0.277,0.584,-0.041,-0.204,0.067,0.001
-0.089,0.791,0.104,-0.1,0.255,0.008
0.03,0.712,0.169,-0.164,0.099,-0.024
0.01,0.767,0.134,-0.112,0.241,-0.013
-0.049,0.81,0.254,-0.206,0.042,-0.001
0.235,0.621,0.002,-0.127,0.203,-0.009
-0.263,0.877,0.385,-0.168,0.091,-0.005
0.213,0.618,0.101,-0.209,0.059,-0.027
-0.194,0.836,0.077,-0.125,0.204,0.005
0.146,0.767,0.265,-0.19,0.065,-0.017
-0.043,0.789,0.042,-0.162,0.221,-0.009
-0.042,0.724,0.198,-0.226,-0.009,-0.038
0.376,0.615,-0.053,-0.153,0.191,-0.01
-0.223,0.85,0.346,-0.168,0.098,-0.025
0.117,0.681,0.081,-0.19,0.142,-0.028
0.074,0.767,0.163,-0.126,0.201,-0.011
0.229,0.699,0.156,-0.202,0.102,-0.017
-0.029,0.664,0.092,-0.144,0.206,0.001
-0.04,0.777,0.178,-0.17,0.136,-0.018
0.165,0.589,0.036,-0.156,0.16,-0.021
-0.122,0.773,0.215,-0.177,0.14,-0.02
0.12,0.581,0.108,-0.215,0.035,-0.022
0.107,0.746,0.113,-0.19,0.096,-0.021
0.107,0.655,-0.013,-0.179,0.123,-0.029
0.214,0.676,0.066,-0.115,0.204,-0.001
-0.016,0.618,0.204,-0.179,0.103,-0.018
0.427,0.644,0.114,-0.14,0.128,0.002
-0.103,0.73,0.251,-0.153,0.148,0.004
0.196,0.698,0.138,-0.172,0.119,-0.004
-0.002,0.706,0.13,-0.137,0.184,0.013
0.184,0.672,0.171,-0.191,0.062,-0.009
0.293,0.516,-0.028,-0.13,0.213,-0.006
,,,,,
-3.637,0.988,-0.584,0.011,2.57,0.251
-3.825,1.009,-0.645,-0.01,2.515,0.23
-4.146,1.11,-0.646,-0.066,2.37,0.179
-4.092,1.061,-1.073,-0.249,1.914,0.11
-4.438,0.98,-1.775,-0.095,2.616,0.277
-6.372,1.348,-2.067,-0.261,1.861,0.115
-6.074,1.215,-2.612,-0.275,1.869,0.044
-6.407,1.105,-3.279,-0.203,1.847,0.135
-6.468,0.796,-3.942,-0.017,1.947,0.311
-6.595,0.978,-4.603,0.197,2.361,0.509
-8.106,1.686,-5.155,0.344,2.503,0.701
-8.684,2.024,-6.108,0.278,1.773,0.501
-8.581,2.62,-5.953,0.285,1.361,0.459
-9.501,2.613,-6.337,0.061,0.809,0.351
-8.874,2.549,-6.776,0.022,0.391,0.123
-9.039,2.992,-6.306,0.014,0.81,0.348
-10.081,2.781,-6.802,-0.223,0.483,0.305
-9.562,2.983,-7.043,-0.189,-0.057,-0.03
-8.827,2.903,-6.974,-0.244,-0.133,-0.094
-8.934,2.699,-6.943,-0.179,-0.041,-0.01
-8.839,2.968,-6.801,-0.194,-0.012,-0.059
-8.795,2.622,-6.835,-0.165,0.091,-0.007
-8.783,2.74,-6.748,-0.177,0.034,-0.027
-8.85,2.873,-6.643,-0.186,0.009,-0.051
-8.875,2.805,-6.639,-0.216,0.001,-0.054
-8.702,2.781,-6.749,-0.172,-0.009,-0.036
-8.242,2.594,-6.62,-0.064,0.116,0.036
-9.074,2.758,-6.248,-0.123,0.212,0.085
-8.862,2.756,-6.501,-0.186,0.043,-0.042
-8.693,2.752,-6.492,-0.143,0.116,-0.011
-8.975,2.804,-6.385,-0.159,0.079,0.02
-8.982,2.881,-6.213,-0.205,-0.08,0.013
-9.06,3.042,-6.001,-0.366,-0.325,-0.051
-9.345,2.732,-5.72,-0.543,-0.887,-0.111
-9.058,2.755,-5.054,-0.747,-1.59,-0.288
-8.317,2.495,-4.538,-0.816,-1.299,-0.485
-7.562,1.858,-4.342,-0.827,-1.5,-0.448
-7.033,1.39,-4.124,-0.519,-0.955,-0.326
-6.907,1.709,-3.585,-0.295,-0.879,-0.202
-6.782,1.525,-3.112,-0.321,-0.949,-0.206
-6.567,1.355,-2.917,-0.343,-1.167,-0.323
-6.227,1.346,-2.295,-0.446,-2.085,-0.395
-4.458,0.85,-1.927,-0.312,-1.93,-0.358
-5.361,1.002,-1.786,-0.419,-3.411,-0.708
-0.85,0.409,-1.245,-0.078,-2.789,-0.45
-2.35,1.02,-0.366,-0.38,-2.714,-0.47
1.544,0.47,-1.115,-0.006,-2.297,-0.191
1.167,1.053,0.134,0.054,-0.754,0.023
0.261,0.781,0.086,-0.017,-0.372,0.031
0.834,0.779,0.809,0.093,0.007,0.033
0.557,0.801,0.684,-0.149,0.203,-0.006
0.848,0.815,0.691,-0.119,0.278,-0.021
0.411,0.995,0.657,-0.253,0.224,-0.036
0.752,0.651,-0.062,-0.238,0.215,-0.063
0.46,0.782,0.162,-0.179,0.347,-0.036
0.583,0.81,0.166,-0.29,0.131,-0.096
1.002,0.745,-0.048,-0.268,0.34,-0.064
0.441,0.691,-0.22,-0.181,0.196,-0.005
0.759,0.545,-0.081,-0.101,0.284,0.035
0.372,0.851,0.29,-0.189,0.148,-0.001
0.134,0.691,-0.138,-0.181,0.187,-0.049
0.12,0.497,-0.008,-0.157,0.344,0.029
0.552,0.578,-0.037,-0.123,0.283,0.003
-0.148,0.803,0.187,-0.014,0.467,-0.009
-0.172,0.907,0.445,-0.141,0.157,-0.053
0.243,0.696,0.072,-0.187,0.207,-0.045
-0.103,0.869,0.049,-0.164,0.084,-0.027
0.341,0.769,0.136,-0.113,0.156,-0.021
-0.043,0.887,0.265,-0.218,0.118,-0.021
0.328,0.664,-0.08,-0.215,0.104,-0.017
-0.115,0.761,0.168,-0.12,0.199,0.025
0.113,0.764,0.105,-0.189,0.041,0.005
0.261,0.651,0.075,-0.121,0.251,0.024
-0.135,0.834,0.166,-0.167,0.091,0.021
0.207,0.691,0.035,-0.136,0.236,0.025
-0.25,0.785,0.281,-0.133,0.199,0.011
0.198,0.767,0.226,-0.172,0.106,-0.012
-0.257,0.888,0.208,-0.154,0.204,0.008
0.154,0.757,0.127,-0.189,0.097,-0.05
0.189,0.668,-0.023,-0.098,0.293,0.013
-0.321,0.994,0.269,-0.185,0.063,-0.013
0.345,0.654,-0.103,-0.187,0.135,-0.014
-0.193,0.844,0.168,-0.056,0.231,0.014
0.11,0.742,0.219,-0.16,0.152,-0.004
0.071,0.76,0.031,-0.122,0.191,-0.006
-0.294,0.946,0.312,-0.167,0.146,0.006
0.012,0.742,0.062,-0.177,0.153,-0.027
-0.206,0.871,0.261,-0.14,0.282,-0.026
-0.156,0.8,0.138,-0.212,0.123,-0.031
0.074,0.651,-0.205,-0.124,0.209,-0.003
-0.317,0.974,0.287,-0.13,0.149,-0.004
-0.183,0.794,0.02,-0.171,0.161,-0.01
-0.285,0.945,0.213,-0.126,0.183,-0.013
0.006,0.828,0.066,-0.181,0.15,0.002
-0.196,0.785,-0.04,-0.103,0.172,0.011
-0.103,0.856,0.347,-0.13,0.166,0.003
-0.235,0.844,0.235,-0.165,0.153,0.011
-0.248,0.802,0.119,-0.173,0.131,-0.001
-0.086,0.863,0.147,-0.175,0.176,0.007
-0.42,0.88,0.062,-0.148,0.115,0.002
-0.12,0.922,0.18,-0.175,0.11,-0.02
-0.336,0.862,-0.025,-0.146,0.196,-0.011
-0.134,0.848,0.232,-0.178,0.072,-0.029
-0.17,0.783,0.132,-0.129,0.225,-0.011
-0.274,0.959,0.187,-0.2,0.058,-0.028
-0.092,0.803,-0.097,-0.162,0.179,-0.012
-0.409,0.977,0.229,-0.16,0.087,-0.027
0.071,0.674,0.018,-0.197,0.077,-0.025
-0.278,0.964,0.214,-0.108,0.187,0.011
-0.148,0.821,0.207,-0.187,0.082,-0.026
-0.268,0.935,0.242,-0.155,0.18,-0.014
-0.181,0.845,0.163,-0.195,0.106,-0.034
-0.147,0.804,0.115,-0.123,0.204,-0.014
-0.188,0.889,0.268,-0.194,0.083,-0.032
-0.019,0.842,0.062,-0.174,0.188,-0.017
-0.37,0.81,0.093,-0.175,0.122,-0.021
0.013,0.725,0.175,-0.12,0.163,-0.013
-0.364,0.988,0.566,-0.201,0.151,-0.018
-0.169,0.712,-0.062,-0.225,0.141,-0.03
,,,,,
-2.597,2.139,1.197,0.238,1.413,-0.021
-2.75,2.228,1.41,0.132,1.188,-0.037
-2.436,2.115,1.342,-0.056,0.819,-0.068
0.485,0.842,-0.554,-0.085,1.612,-0.036
-2.798,1.772,-0.166,0.354,2.384,0.189
-4.324,2.297,-0.157,-0.001,1.337,0.013
-1.79,1.136,-1.31,-0.044,1.648,-0.001
-4.501,2.241,-0.79,0.147,1.946,0.206
-4.782,2.223,-1.037,-0.215,1.249,-0.042
-4.213,1.956,-1.517,-0.254,1.742,-0.007
-5.874,2,-1.766,-0.38,1.479,0.034
-5.583,1.623,-2.531,-0.309,1.344,0.015
-5.746,1.474,-2.859,0.029,1.682,0.308
-6.82,1.905,-3.112,0.131,1.273,0.345
-7.195,2.391,-2.829,0.005,0.859,0.249
-6.953,2.195,-3.418,-0.123,0.673,0.158
-6.948,2.438,-3.547,0.005,0.827,0.286
-7.32,2.35,-3.699,-0.102,0.624,0.27
-8.135,2.843,-3.722,-0.204,0.135,-0.034
-7.458,2.624,-3.716,-0.261,-0.039,-0.041
-6.829,2.405,-3.892,-0.171,0.152,0.015
-7.476,2.506,-3.821,-0.122,0.132,0.043
-7.636,2.587,-3.584,-0.213,-0.05,-0.05
-6.831,2.259,-3.815,-0.108,0.287,0.03
-7.699,2.728,-3.452,-0.101,0.206,0.027
-7.36,2.5,-3.801,-0.205,0.059,-0.053
-7.138,2.55,-3.774,-0.144,0.068,-0.03
-7.284,2.52,-3.585,-0.204,-0.059,-0.052
-6.871,2.498,-3.713,-0.178,0.048,-0.06
-7.245,2.411,-3.497,-0.143,0.088,-0.041
-6.847,2.388,-3.488,-0.132,0.14,-0.008
-7.446,2.473,-3.494,-0.175,0.123,-0.008
-7.023,2.583,-3.555,-0.127,0.092,-0.01
-7.233,2.478,-3.394,-0.165,0.196,0.005
-7.147,2.522,-3.565,-0.168,0.069,-0.013
-7.184,2.544,-3.559,-0.18,0.143,-0.01
-7.226,2.43,-3.484,-0.161,0.041,-0.037
-6.912,2.442,-3.261,-0.096,0.22,0.037
-7.858,2.626,-3.069,-0.181,-0.001,-0.023
-7.403,2.662,-2.977,-0.388,-0.39,-0.159
-7.088,2.376,-2.872,-0.563,-0.77,-0.332
-6.563,2.048,-2.874,-0.537,-0.559,-0.272
-7.649,2.257,-2.474,-0.527,-0.872,-0.319
-5.78,1.677,-2.492,-0.73,-1.486,-0.519
-5.134,1.188,-2.105,-0.565,-1.267,-0.394
-6.5,1.569,-1.123,-0.659,-1.202,-0.42
-3.856,0.622,-1.794,-0.717,-1.762,-0.542
-4.502,0.794,-1.128,-0.34,-0.914,-0.206
-2.74,0.297,-1.222,-0.344,-1.628,-0.373
-3.087,0.545,-0.345,-0.158,-1.288,-0.204
-2.826,0.492,-0.934,-0.402,-3.675,-0.409
0.39,0.389,-0.769,0.171,-2.343,-0.271
0.71,0.845,0.253,-0.13,-2.711,-0.131
4.005,-0.209,-0.619,-0.098,-0.882,-0.155
2.735,0.627,0.091,0.021,-0.019,0.007
2.024,0.323,-0.187,0.005,0.358,0.02
1.967,0.676,0.013,0.173,0.795,0.007
1.226,0.83,0.354,0.016,0.463,0.04
1.41,0.856,0.382,-0.081,0.47,-0.046
1.539,0.82,0.375,-0.155,0.516,-0.004
0.673,0.781,0.48,-0.206,0.341,-0.028
1.689,0.724,0.317,-0.325,0.134,-0.056
0.971,0.627,0.001,-0.192,0.428,0.019
1.003,0.696,0.008,-0.131,0.197,-0.015
1.401,0.684,0.136,-0.139,0.293,0.013
0.927,0.803,0.08,-0.185,0.097,0.022
1.342,0.618,-0.226,-0.059,0.343,0.022
0.757,0.806,0.024,-0.018,0.351,0.047
1.07,0.844,-0.101,-0.028,0.276,0.051
0.492,0.973,0.207,-0.08,0.328,0.074
0.831,0.974,-0.034,-0.184,0.106,0.047
0.66,0.943,-0.023,-0.13,0.289,0.07
0.566,0.843,0.008,-0.146,0.11,0.04
1.101,0.837,-0.038,0.005,0.263,0.037
0.324,1.336,0.684,-0.222,-0.058,0.118
1.22,0.648,-0.285,-0.324,0.008,0.179
0.763,0.731,-0.723,0.11,0.527,0.151
0.159,1.314,0.638,-0.059,0.18,0.122
0.897,0.778,0.004,-0.097,0.234,0.075
0.897,1.148,0.6,0.04,0.372,0.117
0.164,1.077,0.976,-0.175,0.225,0.056
0.527,0.976,0.158,-0.187,0.16,0.026
0.274,1.104,-0.065,-0.022,0.341,0.048
0.261,1.284,0.072,-0.09,0.258,0.032
0.71,1.063,-0.032,-0.109,0.337,0.018
0.323,1.216,0.138,-0.186,0.319,0.06
0.521,1.132,0.578,-0.203,0.323,0.113
0.016,1.235,0.612,-0.294,0.289,0.064
-0.099,1.086,0.067,-0.233,0.205,0.063
-0.238,1.111,0.329,-0.169,0.27,0.058
-0.403,1.083,0.147,-0.174,0.098,0.023
-0.08,1.026,0.212,-0.114,0.1,0.012
0.022,1.128,0.14,-0.172,0.068,-0.033
0.356,0.994,-0.043,-0.121,0.186,-0.032
0.067,1.211,0.253,-0.16,0.158,-0.003
0.098,0.998,0.124,-0.169,0.109,0.002
-0.047,1.141,0.28,-0.156,0.145,-0.008
-0.406,1.122,0.472,-0.236,0.038,-0.022
-0.035,1.13,-0.171,-0.278,-0.142,-0.042
0.778,0.791,0.801,-0.147,0.173,0
-0.171,1.188,-0.013,-0.255,-0.061,-0.083
0.772,0.952,-0.247,-0.103,0.038,0.02
0.205,1.115,-0.287,-0.155,0.202,0.04
0.453,0.948,0.113,-0.199,0.237,0.044
0.247,0.923,0.237,-0.18,0.219,0.025
0.241,0.885,0.5,-0.271,0.114,-0.012
0.26,0.931,0.182,-0.099,0.333,-0.013
0.305,1.071,-0.145,-0.171,0.17,0.003
0.135,1.003,0.059,-0.17,0.321,0.014
0.011,1.004,0.174,-0.233,0.329,0.049
-0.05,0.703,0.311,-0.278,0.108,0.023
0.306,0.733,0.267,-0.118,0.182,-0.032
-0.119,0.901,0.101,-0.075,0.19,-0.02
0.119,0.898,0.051,-0.034,0.252,-0.015
-0.373,1.146,0.017,-0.11,0.211,-0.006
-0.065,0.961,0.117,-0.128,0.149,-0.017
-0.134,1.135,0.006,-0.162,0.168,-0.008
-0.034,0.925,0.122,-0.225,0.068,-0.007
0.093,0.982,0.215,-0.133,0.219,-0.013
,,,,,
-4.099,-0.869,-0.837,-1.148,2.803,-0.105
-4.533,-0.9,-0.945,-1.192,2.532,-0.134
-3.205,-1.883,-1.822,-1.175,2.187,-0.285
-2.665,-2.597,-2.96,-0.213,3.293,0.424
-3.296,-2.271,-4.32,0.878,4.771,1.337
-8.249,0.002,-4.258,1.108,4.646,1.608
-9.75,0.453,-4.974,0.662,2.631,0.567
-7.363,0.895,-5.638,0.634,2.404,0.712
-9.402,0.704,-6.051,0.62,1.892,0.703
-7.739,0.838,-6.835,0.576,1.42,0.764
-10.421,1.887,-6.014,0.312,1.377,0.688
-10.068,1.489,-6.418,-0.085,-0.056,0.005
-8.824,1.577,-6.868,0.022,0.38,0.09
-9.935,1.678,-6.723,-0.101,0.11,0.124
-9.333,1.725,-7.159,-0.228,-0.06,-0.039
-9.256,1.493,-7.069,-0.126,-0.033,0.005
-8.934,1.688,-6.937,-0.125,-0.052,0.009
-9.394,1.537,-6.899,-0.237,-0.019,-0.082
-8.556,1.403,-7.187,-0.145,0.063,-0.01
-9.295,1.595,-6.802,-0.134,0.145,0.024
-9.215,1.688,-6.88,-0.149,0.018,-0.043
-8.965,1.566,-6.609,-0.166,0.171,-0.015
-8.944,1.457,-6.765,-0.179,0.09,-0.028
-9.349,1.53,-6.551,-0.165,-0.008,-0.006
-9.505,1.456,-6.363,-0.245,-0.351,-0.184
-9.313,1.331,-6.212,-0.193,-0.639,-0.253
-9.419,1.528,-5.642,-0.369,-1.241,-0.371
-8.862,1.034,-5.454,-0.443,-1.446,-0.496
-7.821,0.883,-5.015,-0.324,-1.305,-0.428
-8.216,0.745,-4.302,-0.405,-1.495,-0.425
-7.837,0.673,-4.117,-0.493,-2.099,-0.709
-6.059,-0.061,-3.571,-0.379,-2.402,-0.659
-4.366,-0.498,-3.051,0.039,-2.234,-0.38
-5.121,0.772,-0.955,0.03,-1.514,-0.115
-6.947,1.13,-1.158,-0.939,-4.061,-0.668
-0.02,-0.831,-1.72,-0.397,-1.861,-0.519
-2.613,-0.126,0.018,-0.532,-2.073,-0.243
0.476,-1.264,-1.305,-0.213,-1.226,-0.054
-0.927,-0.39,0.059,0.013,-0.399,0.153
-0.087,-1.002,-0.709,-0.166,-0.777,-0.043
0.966,-0.782,-0.388,0.231,0.124,0.222
-0.911,-0.233,0.267,0.151,0.205,0.259
0.271,-0.292,-0.198,0.285,0.298,0.155
-0.075,-0.189,0.605,0.258,0.529,0.404
-0.436,-0.217,0.129,0.241,0.463,0.274
-0.949,0.59,0.579,0.211,0.41,0.22
-0.899,0.232,0.231,0.1,0.228,0.139
-0.575,0.46,0.253,0.035,0.115,0.171
-0.879,0.563,0.209,0.038,0.201,0.119
-1.045,0.806,0.473,-0.077,0.263,0.047
-0.627,0.552,-0.172,-0.139,0.123,0.081
-1.122,0.782,0.029,-0.101,0.171,0.038
-0.845,0.658,-0.163,-0.142,0.045,-0.002
-0.707,0.821,0.132,-0.039,0.229,0.022
-0.928,0.818,0.063,-0.245,0.031,-0.046
-0.648,0.549,-0.399,-0.075,0.144,0.004
-0.679,0.96,0.365,-0.107,0.108,0.011
-0.467,0.576,-0.441,-0.218,0.086,0.003
-0.693,0.827,-0.323,0.06,0.114,0.069
-0.567,0.952,0.102,0.075,0.087,0.113
-0.555,0.91,0.041,0.062,0.244,0.096
-0.822,1.216,0.104,0.005,0.074,0.132
-0.718,1.065,-0.147,-0.034,0.007,0.064
-0.397,1.312,0.029,0.068,0.189,0.098
-1.174,1.304,0.095,-0.075,0.054,0.037
-0.614,1.298,0.001,0.029,0.038,0.025
-0.436,1.282,0.283,0.043,0.174,0.013
-0.514,1.404,0.344,-0.036,0.099,0.006
-0.254,1.471,0.302,0.092,0.171,0.052
-1.736,1.891,1.281,-0.192,0.106,-0.013
-0.093,1.194,-0.198,-0.214,-0.069,-0.008
-0.523,1.708,0.305,0.022,0.305,0.031
-0.831,1.73,-0.22,-0.213,0.101,0
-0.296,1.55,-0.152,-0.112,0.235,0.035
-0.866,1.799,0.031,-0.245,0.196,0.022
-0.409,1.372,0.397,-0.233,0.154,0.031
-0.983,1.675,0.753,-0.158,0.171,0.013
-0.474,1.437,0.142,-0.248,0.003,-0.031
-0.703,1.636,0.541,-0.138,0.134,-0.051
-0.423,1.538,-0.23,-0.249,0.003,-0.063
-0.213,1.593,-0.212,-0.141,0.201,-0.022
-1.057,1.723,0.305,-0.305,-0.005,-0.025
0.265,1.12,0.193,-0.118,0.185,-0.011
-1.088,1.727,0.188,-0.162,0.196,-0.028
-0.019,1.268,-0.012,-0.212,0.01,-0.054
-0.415,1.518,-0.034,-0.067,0.304,-0.006
-0.539,1.545,0.018,-0.261,-0.046,-0.03
-0.128,1.326,0.123,-0.059,0.279,-0.004
-1.064,1.703,0.041,-0.204,0.078,-0.03
-0.101,1.332,0.035,-0.177,0.048,-0.01
-0.451,1.519,0.14,-0.143,0.247,-0.008
-0.487,1.488,-0.042,-0.191,0.1,-0.005
-0.255,1.434,0.201,-0.139,0.234,-0.008
-0.719,1.551,-0.025,-0.205,0.138,-0.015
-0.371,1.298,0.249,-0.179,0.097,-0.002
-0.51,1.422,0.245,-0.116,0.248,-0.013
-0.572,1.465,-0.158,-0.163,0.1,-0.019
-0.346,1.402,0.273,-0.11,0.148,-0.011
-0.669,1.557,0.101,-0.145,0.189,-0.016
-0.393,1.463,-0.055,-0.176,0.086,-0.013
-0.382,1.454,0.239,-0.16,0.191,-0.019
-0.686,1.535,-0.059,-0.205,0.106,-0.018
-0.298,1.349,0.224,-0.196,0.108,-0.013
-0.554,1.453,0.17,-0.148,0.233,-0.017
-0.565,1.486,-0.089,-0.202,0.066,-0.022
-0.46,1.391,0.352,-0.135,0.192,-0.008
-0.715,1.524,-0.022,-0.165,0.147,-0.027
-0.309,1.389,0.14,-0.165,0.086,-0.014
-0.51,1.41,0.174,-0.135,0.243,-0.017
-0.711,1.537,-0.098,-0.184,0.09,-0.015
-0.373,1.386,0.244,-0.162,0.156,-0.013
-0.685,1.478,0.036,-0.168,0.162,-0.013
-0.485,1.416,0.121,-0.168,0.068,-0.011
-0.338,1.313,0.309,-0.14,0.185,-0.017
-0.609,1.488,-0.139,-0.156,0.119,-0.018
-0.238,1.38,0.157,-0.144,0.129,-0.018
-0.636,1.447,0.19,-0.158,0.183,-0.015
-0.614,1.448,-0.035,-0.175,0.071,-0.019
-0.451,1.448,0.204,-0.148,0.173,-0.013
,,,,,
-2.267,2.211,-1.003,0.273,2.312,0.25
-2.743,2.218,-1.385,0.248,2.289,0.248
-3.941,1.921,-0.883,0.236,2.209,0.205
-3.664,2.084,-0.375,-0.164,1.613,-0.086
-4.019,1.628,-0.942,-0.184,1.693,-0.027
-4.84,1.578,-1.393,0.268,2.844,0.171
-7.345,2.52,-1.298,0.019,1.93,-0.026
-5.885,1.876,-2.588,-0.023,2.26,-0.07
-8.167,2.467,-3.005,0.02,1.83,-0.102
-4.76,1.482,-5.005,0.066,1.584,-0.177
-7.736,2.684,-4.52,0.563,2.299,0.396
-6.685,2.332,-4.922,0.2,1.681,0.198
-8.029,2.474,-5.573,0.385,2.087,0.42
-8.709,3.049,-6.023,0.283,1.496,0.431
-7.955,2.916,-6.563,0.315,1.287,0.376
-9.954,3.484,-6.56,0.379,1.54,0.525
-10.039,3.724,-6.657,-0.053,0.491,0.221
-9.09,3.511,-7.232,-0.283,-0.136,-0.102
-9.973,3.557,-6.934,-0.211,-0.02,0.01
-11.453,4.184,-6.322,-0.637,-1.16,-0.456
-9.41,3.451,-6.631,-1.079,-2.914,-1.087
-7.432,2.079,-5.624,-0.881,-3.365,-1.002
-4.796,1.713,-4.034,-0.58,-1.86,-0.431
-6.395,1.708,-3.402,-0.195,-0.761,0.104
-6.931,2.407,-2.834,-0.229,-0.826,-0.037
-7.169,2.03,-2.411,-0.588,-1.471,-0.197
-5.573,1.932,-2.291,-0.72,-1.935,-0.342
-4.284,1.098,-2.089,-0.446,-1.149,-0.131
-4.629,1.414,-1.384,-0.314,-1.933,0.002
-2.963,0.864,-0.895,-0.43,-1.212,-0.054
-4.359,1.61,-0.79,-0.621,-2.008,-0.152
-0.792,0.395,-0.935,-0.441,-1.044,-0.074
-2.559,0.9,-0.65,-0.357,-1.027,0.035
-0.569,0.429,-0.606,-0.068,-0.533,0.135
-1.719,1.164,0.215,-0.085,-0.262,0.095
-0.764,0.608,-0.51,-0.155,-0.508,0.001
-0.627,0.97,0.19,0.165,0.139,0.132
-1.284,0.99,-0.663,0.079,-0.145,0.13
-0.566,1.04,0.066,0.518,0.178,0.064
-0.897,1.735,1.748,0.01,0.101,-0.006
-0.263,1.009,-0.557,0.255,0.23,0.172
-0.898,1.761,-0.207,0.359,0.42,0.166
-0.655,1.945,-0.142,0.166,0.166,0.13
-3.464,3.505,3.645,-0.158,0.301,0.088
0.012,0.994,-0.395,-0.328,0.032,-0.031
-1.276,1.902,0.117,-0.144,0.201,-0.003
-0.693,1.866,-0.044,-0.196,0.092,-0.002
-1.314,2.017,0.037,-0.15,0.185,-0.021
-0.581,1.958,0.055,-0.282,0.065,-0.002
-1.173,1.832,0.279,-0.185,0.22,0.001
-0.68,1.7,-0.127,-0.265,0.019,-0.022
-1.517,1.818,0.474,-0.266,0.007,-0.052
-0.54,1.652,-0.03,-0.272,-0.244,-0.05
-0.255,1.607,0.456,-0.172,0.145,-0.035
-1.195,1.851,-0.421,-0.213,0.047,-0.028
-0.377,1.664,-0.071,-0.193,0.033,-0.008
-0.603,1.7,0.085,-0.245,0.129,0.008
-0.414,1.525,-0.012,-0.233,0.002,-0.001
-0.482,1.48,0.31,-0.214,0.177,-0.007
-0.557,1.538,0.037,-0.196,0.154,-0.008
-0.812,1.59,0.141,-0.185,0.178,-0.01
-0.47,1.464,0.17,-0.18,0.087,-0.012
-0.587,1.581,-0.019,-0.103,0.21,-0.015
-0.716,1.616,0.262,-0.208,-0.003,-0.01
-0.072,1.41,0.025,-0.085,0.256,-0.013
-0.971,1.72,0.047,-0.165,0.171,-0.006
-0.438,1.429,0.154,-0.156,0.172,-0.004
-0.927,1.683,0.081,-0.143,0.237,-0.003
-0.601,1.501,0.095,-0.2,0.065,-0.011
-0.594,1.599,0.073,-0.146,0.208,-0.009
-0.631,1.494,0.279,-0.173,0.054,-0.007
-0.312,1.511,0.073,-0.077,0.244,-0.007
-0.919,1.751,-0.049,-0.158,0.155,-0.012
-0.498,1.524,0.06,-0.189,0.142,-0.01
-0.885,1.62,0.095,-0.197,0.144,-0.01
-0.584,1.415,0.364,-0.197,0.032,-0.018
-0.558,1.549,0.025,-0.099,0.205,-0.015
-0.874,1.507,0.038,-0.188,-0.009,-0.024
-0.231,1.616,0.205,-0.215,0.14,-0.025
-0.74,1.686,-0.335,-0.321,-0.052,-0.025
-0.293,1.299,0.43,-0.22,-0.023,-0.019
-0.302,1.389,-0.018,-0.085,0.253,-0.017
-0.48,1.615,0.153,-0.185,-0.007,-0.014
0.186,1.235,0.056,-0.088,0.262,-0.003
-0.972,1.638,0.241,-0.115,0.179,-0.008
-0.39,1.423,0.045,-0.066,0.186,-0.004
-0.727,1.808,-0.083,-0.11,0.21,0.002
-0.289,1.438,0.086,-0.189,0.052,-0.001
-0.322,1.571,0.3,-0.13,0.233,-0.009
-0.661,1.626,-0.062,-0.2,0.127,-0.022
-0.561,1.46,0.448,-0.156,0.105,-0.016
-0.583,1.646,-0.063,-0.103,0.259,-0.025
-0.569,1.665,0.057,-0.208,0.036,-0.017
-0.194,1.352,0.283,-0.16,0.157,-0.018
-0.698,1.682,-0.04,-0.152,0.203,-0.015
-0.57,1.547,0.089,-0.188,0.108,-0.01
-0.558,1.537,0.218,-0.172,0.168,-0.012
-0.54,1.528,0.006,-0.165,0.106,-0.01
-0.368,1.53,0.225,-0.167,0.117,-0.011
-0.552,1.557,-0.018,-0.152,0.18,-0.005
-0.42,1.518,0.069,-0.176,0.103,-0.013
-0.326,1.464,0.17,-0.173,0.149,-0.015
-0.575,1.565,0.089,-0.164,0.11,-0.019
-0.427,1.504,0.199,-0.146,0.125,-0.017
-0.559,1.528,0.162,-0.142,0.154,-0.008
-0.484,1.562,-0.055,-0.167,0.11,-0.014
-0.369,1.563,0.235,-0.167,0.14,-0.008
-0.523,1.453,0.138,-0.177,0.121,-0.008
-0.231,1.474,0.09,-0.135,0.139,-0.019
-0.486,1.575,0.15,-0.158,0.159,-0.013
-0.429,1.486,0.068,-0.169,0.096,-0.024
-0.254,1.512,0.084,-0.143,0.152,-0.014
-0.602,1.585,0.172,-0.18,0.139,-0.009
-0.32,1.474,0.055,-0.153,0.132,-0.017
-0.435,1.585,0.06,-0.169,0.135,-0.009
-0.405,1.477,0.17,-0.194,0.109,-0.009
-0.262,1.447,0.092,-0.128,0.173,-0.011
-0.523,1.571,0.157,-0.18,0.123,-0.008
-0.419,1.465,0.217,-0.147,0.173,-0.013
,,,,,
-2.687,2.483,0.673,-0.255,0.584,-0.346
-2.567,2.626,1.006,-0.338,0.496,-0.391
-1.805,2.413,1.411,-0.529,0.394,-0.419
-0.783,1.328,0.049,-0.674,1.217,-0.382
-0.649,0.534,-1.205,-0.03,2.129,-0.025
-3.385,1.255,-0.903,0.653,3.086,0.195
-3.901,1.866,-0.445,0.32,2.305,0.077
-5.144,1.961,-1.267,0.072,2.027,0.051
-4.8,1.865,-1.887,-0.072,1.429,-0.032
-4.666,1.7,-2.988,0.231,2.36,0.334
-7.4,2.357,-3.253,0.2,1.849,0.303
-7.296,2.538,-3.287,0.215,1.021,0.031
-6.422,2.242,-3.457,0.108,0.931,0.077
-7.092,2.689,-3.513,0.198,1.537,0.106
-7.883,2.733,-3.893,0.064,1.152,0.055
-7.457,2.571,-4.842,0.121,1.487,0.108
-8.595,3.221,-4.721,0.155,1.267,0.082
-7.598,2.777,-5.612,0.047,1.304,0.154
-8.255,2.953,-6.001,0.187,1.495,0.197
-9.015,3.294,-6.106,0.1,1.407,0.091
-7.587,2.747,-7.354,0.2,1.757,0.171
-10.062,3.692,-7.313,0.254,1.98,0.364
-9.972,3.683,-7.875,-0.189,0.708,-0.013
-9.311,3.588,-8.399,-0.358,-0.185,-0.354
-7.35,3.12,-8.918,0.423,2.28,0.552
-11.14,4.238,-8.724,0.189,1.322,0.342
-10.749,4.146,-9.182,-0.207,-0.071,-0.294
-7.842,3.121,-9.518,-0.215,-0.006,-0.321
-9.589,3.517,-9.323,-0.081,0.318,0.002
-10.658,3.833,-8.976,-0.37,-0.616,-0.308
-8.396,3.023,-9.222,-0.274,-0.261,-0.231
-9.09,3.162,-8.869,-0.142,-0.08,-0.005
-8.576,3.169,-8.741,-0.138,0.105,0.003
-9.517,3.242,-8.718,-0.159,0.161,0.007
-8.928,3.247,-8.875,-0.135,0.002,-0.009
-9.355,3.203,-8.629,-0.137,0.369,0.066
-9.319,3.341,-9.009,-0.162,0.143,0.018
-9.048,3.273,-8.915,-0.108,0.114,0.048
-9.13,3.344,-8.685,-0.089,0.422,0.122
-9.76,3.539,-8.875,-0.177,0.136,0.016
-9.582,3.476,-8.935,-0.212,-0.095,-0.087
-8.824,3.163,-8.917,-0.168,0.074,-0.035
-9.194,3.318,-8.799,-0.146,0.103,0.011
-9.145,3.502,-8.784,-0.152,0.058,-0.015
-9.072,3.34,-8.661,-0.155,0.059,-0.013
-9.106,3.382,-8.635,-0.17,-0.007,-0.041
-9.315,3.408,-8.594,-0.161,0.192,-0.012
-9.056,3.298,-8.788,-0.175,0.089,-0.022
-9.066,3.358,-8.644,-0.124,0.156,0.038
-9.313,3.414,-8.541,-0.143,0.151,0.007
-9.019,3.324,-8.638,-0.146,0.135,0.016
-9.339,3.349,-8.645,-0.126,0.252,0.05
-9.242,3.448,-8.718,-0.108,0.092,0.028
-9.523,3.553,-8.554,-0.156,0.168,-0.014
-8.698,3.29,-8.82,-0.188,0.114,-0.044
-9.175,3.37,-8.833,-0.045,0.516,0.131
-9.67,3.68,-8.678,-0.145,0.106,0.007
-9.189,3.576,-8.622,-0.254,-0.06,-0.097
-8.83,3.345,-8.885,-0.154,0.17,0.027
-9.293,3.581,-8.715,-0.157,0.075,0.021
-9.377,3.479,-8.693,-0.239,-0.061,-0.067
-8.752,3.394,-8.74,-0.177,0.098,-0.005
-9.068,3.522,-8.626,-0.16,0.195,-0.001
-9.303,3.515,-8.644,-0.169,0.119,-0.002
-9.178,3.443,-8.624,-0.151,0.108,0.006
-9.36,3.63,-8.521,-0.175,0.137,-0.022
-9.093,3.421,-8.661,-0.203,0.067,-0.048
-9.163,3.487,-8.577,-0.156,0.127,0.006
-9.276,3.487,-8.408,-0.206,-0.001,-0.063
-8.746,3.387,-8.578,-0.211,0.032,-0.055
-9.171,3.358,-8.525,-0.126,0.204,0.04
-9.239,3.498,-8.467,-0.172,0.117,-0.003
-9.457,3.533,-8.498,-0.197,0.075,-0.046
-9.038,3.414,-8.359,-0.253,-0.206,-0.116
-9.458,3.42,-7.979,-0.17,0.106,0.006
-11.347,4.146,-7.394,-0.557,-0.951,-0.304
-9.468,3.177,-7.393,-0.987,-2.548,-0.746
-9.14,3.385,-5.844,-1.172,-3.449,-0.603
-6.873,2.131,-5.182,-0.982,-2.696,-0.626
-7.177,1.824,-3.994,-0.814,-2.573,-0.298
-5.504,1.203,-3.91,-0.759,-3.304,-0.427
-4.207,1.257,-1.973,-0.388,-1.943,-0.039
-4.264,1.302,-1.732,-0.54,-2.84,-0.008
-3.007,1.141,-0.742,-0.245,-1.278,0.077
-2.946,1.191,-0.735,-0.438,-1.925,0.09
-1.85,0.858,-0.594,0.001,-0.556,0.251
-2.938,1.791,0.639,-0.306,-1.201,0.162
-1.056,0.894,-0.244,-0.321,-0.454,0.019
-1.767,1.308,0.159,-0.187,0.011,0.08
-0.904,0.781,-0.54,-0.033,0.065,0.097
-2.095,1.652,0.243,0.053,0.354,0.105
-1.881,1.361,0.055,-0.337,-0.358,-0.029
-0.39,0.933,-0.546,-0.09,0.189,0.022
-1.996,1.377,-0.299,-0.015,0.1,0.064
-0.854,1.216,0.022,0.002,0.052,0.038
-1.52,1.417,0.508,0.029,0.433,0.07
-1.749,1.453,0.435,-0.204,-0.055,-0.018
-0.748,1.264,0.181,-0.045,0.386,-0.022
-2.172,1.821,0.673,-0.118,0.27,0.013
-1.152,1.274,-0.114,-0.16,0.164,-0.034
-1.556,1.72,0.156,-0.123,0.273,0.02
-1.361,1.444,-0.503,-0.125,0.082,0.057
-1.301,1.578,-0.103,-0.047,0.395,0.061
-1.893,1.702,0.141,-0.274,-0.021,-0.012
-1.049,1.369,-0.45,-0.19,0.141,0.028
-1.966,1.706,0.066,-0.089,0.272,0.042
-1.477,1.519,-0.087,-0.206,0.022,0.007
-1.575,1.545,-0.109,-0.091,0.276,0.029
-1.854,1.656,0.057,-0.188,0.082,-0.008
-1.245,1.425,-0.365,-0.113,0.177,0.015
-1.83,1.711,0.18,-0.175,0.06,-0.024
-1.075,1.405,-0.431,-0.151,0.072,0.011
-1.818,1.81,0.141,-0.067,0.236,0.012
-1.405,1.539,-0.196,-0.175,0.04,-0.002
-1.519,1.715,-0.025,-0.068,0.21,0.047
-1.775,1.708,0.132,-0.222,0.056,-0.049
-1.033,1.433,-0.76,-0.082,0.157,0.023
-1.62,1.881,-0.438,0.163,0.228,0.094
-1.598,2.018,-0.062,0.092,0.167,0.067
,,,,,
-2.685,1.823,1.021,0.572,1.201,0.176
-3.145,2,0.922,0.501,1.014,0.152
-3.136,2.024,0.679,0.367,0.731,0.105
-4.29,2.783,2.199,-0.374,0.717,-0.24
-1.526,1.366,0.141,-0.601,2.058,-0.488
-3.809,1.314,-1.681,-0.13,2.729,-0.207
-4.545,1.363,-3.057,0.462,3.272,-0.293
-6.838,2.769,-2.619,0.538,2.938,-0.177
-5.744,1.644,-3.643,0.478,2.831,0.071
-7.035,2.003,-4.357,0.424,2.424,-0.026
-6.336,2.023,-4.986,0.674,2.6,0.18
-7.848,2.541,-5.033,0.359,1.875,0.357
-5.541,2.039,-6.584,0.354,1.541,0.379
-9.345,3.305,-6.176,0.781,2.479,0.808
-10.873,3.989,-6.312,0.38,1.349,0.367
-11.218,4.324,-6.527,-0.299,-0.509,-0.229
-8.695,3.297,-7.032,-0.612,-1.569,-0.556
-5.44,2.127,-7.023,0.168,0.685,0.252
-10.434,3.619,-6.266,0.412,1.195,0.538
-10.92,4.231,-5.746,-0.375,-0.391,-0.158
-7.92,2.919,-6.84,-0.595,-0.81,-0.391
-8.673,3.253,-6.215,-0.193,0.085,0.111
-10.246,3.849,-5.64,-0.402,-0.362,-0.096
-9.516,3.239,-5.8,-0.7,-1.242,-0.422
-7.737,2.878,-5.514,-0.808,-1.869,-0.472
-7.195,2.307,-4.614,-0.355,-0.591,-0.018
-7.149,2.739,-4.505,-0.353,-0.403,0.018
-7.606,2.581,-4.466,-0.285,0.084,0.07
-6.761,2.632,-4.673,-0.278,0.141,0.086
-7.544,2.638,-4.864,-0.192,0.382,0.119
-7.823,2.721,-4.738,-0.158,0.385,0.033
-7.713,2.702,-4.987,-0.164,0.233,-0.048
-7.58,2.625,-4.712,-0.07,0.189,-0.054
-7.907,2.763,-4.422,-0.094,0.114,-0.083
-7.442,2.392,-4.559,-0.098,0.188,-0.065
-8.106,2.752,-4.263,-0.063,0.243,-0.007
-7.86,2.568,-4.389,-0.118,0.175,-0.034
-7.366,2.649,-4.441,-0.034,0.441,0.061
-8.242,2.717,-4.64,-0.046,0.384,0.08
-8.036,2.92,-4.475,-0.176,-0.027,-0.009
-7.515,2.602,-4.585,-0.256,-0.028,-0.077
-7.757,2.793,-4.691,-0.17,0.274,0.067
-7.903,2.826,-4.903,-0.165,0.071,0.019
-7.878,2.863,-4.657,-0.181,0.128,-0.007
-7.779,2.652,-4.899,-0.107,0.188,0.042
-7.969,2.953,-4.584,-0.133,0.172,-0.003
-7.719,2.646,-4.837,-0.14,0.101,-0.02
-7.679,2.875,-4.638,-0.049,0.346,0.082
-8.182,2.902,-4.587,-0.101,0.17,0.025
-7.661,3.049,-4.63,-0.132,0.145,0.025
-7.767,2.853,-4.833,-0.142,0.179,0.03
-7.916,2.97,-4.796,-0.109,0.166,0.052
-8.187,2.981,-4.715,-0.137,0.152,0.032
-8.068,3.019,-4.604,-0.143,0.067,0.008
-8.26,3.067,-4.533,-0.139,0.2,0.036
-8.337,3.068,-4.539,-0.173,0.06,0.001
-8.189,3.006,-4.62,-0.181,0.07,-0.029
-8.243,3.019,-4.487,-0.211,-0.067,-0.043
-7.908,2.969,-4.429,-0.241,-0.082,-0.07
-8.235,3.048,-4.113,-0.299,-0.186,-0.085
-7.895,2.832,-4.017,-0.484,-0.492,-0.141
-7.79,2.804,-3.855,-0.501,-0.673,-0.235
-7.453,2.723,-3.513,-0.623,-0.986,-0.269
-6.456,2.053,-3.638,-0.609,-0.747,-0.222
-6.753,2.454,-3.05,-0.436,-0.771,-0.044
-8.041,2.337,-2.381,-0.703,-1.657,-0.248
-4.623,1.705,-2.478,-0.962,-2.244,-0.536
-7.172,2.598,-1.66,-1.161,-3.243,-0.424
-1.057,0.17,-2.301,-0.79,-2.316,-0.482
-3.764,0.833,-1.437,-0.515,-1.831,-0.185
0.942,-0.564,-2.824,0.203,-1.628,0.122
-1.781,1.349,0.263,0.576,-0.538,0.303
-0.473,1.052,0.798,0.055,-0.815,0.235
-0.526,1.199,0.35,-0.011,-0.122,0.155
-1.101,1.215,0.575,-0.313,-0.465,0.016
0.263,0.934,0.474,-0.059,0.192,0.089
-1.027,1.152,0.986,-0.046,0.338,0.101
-0.447,1.148,0.492,-0.062,0.391,0.055
-1.697,1.615,0.848,-0.245,0.168,0.017
-0.368,1.02,-0.178,-0.283,0.082,-0.034
-0.838,1.246,0.011,-0.034,0.343,0.038
-0.687,1.229,-0.101,-0.238,0.028,-0.047
-0.225,1.128,-0.516,-0.026,0.354,0.023
-1.464,1.379,0.086,-0.108,0.067,0.046
-0.496,1.255,0.086,-0.094,0.145,0.02
-0.954,1.304,0.566,-0.25,0.037,0.028
-0.385,1.135,0.054,-0.164,0.089,0.026
-1.091,1.347,0.32,-0.084,0.301,0.032
-0.7,1.251,0.202,-0.188,0.066,-0.015
-0.626,1.195,0.08,-0.108,0.28,0.037
-1.138,1.471,0.372,-0.232,0.012,-0.029
-0.29,0.966,-0.378,-0.205,0.115,-0.029
-1.184,1.474,0.103,-0.075,0.237,0.002
-0.761,1.239,0.101,-0.275,-0.043,-0.048
-0.503,1.106,-0.19,-0.121,0.217,-0.007
-0.901,1.277,0.192,-0.151,0.074,-0.01
-0.323,1.171,0.122,-0.113,0.198,0
-1.049,1.398,0.262,-0.163,0.137,0.009
-0.493,1.158,-0.121,-0.146,0.093,0.005
-1.075,1.434,0.285,-0.121,0.195,0.016
-0.546,1.25,-0.026,-0.221,0.007,-0.001
-0.575,1.31,0.164,-0.106,0.24,0.03
-0.838,1.325,0.201,-0.181,0.11,0.003
-0.648,1.245,0.001,-0.112,0.215,0.012
-0.91,1.41,0.195,-0.183,0.088,0.011
-0.52,1.192,-0.108,-0.139,0.151,0.01
-0.921,1.444,0.326,-0.144,0.165,0.034
-0.656,1.174,-0.077,-0.23,0.078,-0.021
-0.613,1.384,0.012,-0.075,0.245,0.018
-0.88,1.336,0.105,-0.178,0.073,-0.031
-0.484,1.274,0.04,-0.116,0.196,-0.002
-1.053,1.469,0.289,-0.206,0.071,-0.011
-0.423,1.221,-0.047,-0.181,0.091,-0.021
-0.912,1.405,0.132,-0.107,0.177,0.021
-0.579,1.319,0.195,-0.196,0.068,-0.014
-0.657,1.288,0,-0.128,0.197,0.023
-0.776,1.317,0.204,-0.149,0.069,0.009
-0.523,1.294,0.119,-0.17,0.132,0.029
-0.978,1.447,0.163,-0.153,0.141,0.007
,,,,,
-2.782,2.407,1.566,-0.057,1.235,-0.007
-3.484,2.756,1.987,-0.227,1.079,-0.094
-3.703,3,2.146,-0.649,0.639,-0.228
-1.067,1.46,0.008,-0.884,0.797,-0.352
-0.675,0.742,-1.294,-0.099,2.465,0.021
-3.361,1.514,-1.446,0.175,2.672,0.129
-4.486,1.876,-1.416,0.129,2.747,-0.017
-4.581,1.524,-2.377,-0.247,2.056,-0.143
-4.246,1.185,-3.31,0.281,2.69,0.048
-5.948,1.809,-3.567,0.532,2.905,0.273
-6.797,1.95,-4.262,0.595,2.563,0.456
-7.785,2.454,-4.735,0.787,2.491,0.675
-9.583,3.455,-4.423,0.598,1.387,0.32
-8.021,3.335,-4.769,0.294,0.905,0.29
-9.084,3.25,-4.731,0.078,0.431,0.109
-7.247,2.896,-5.41,-0.144,0.18,-0.04
-8.273,3.133,-5.738,0.373,1.29,0.542
-9.793,3.889,-5.74,0.262,0.78,0.386
-8.926,4.033,-6.115,0.033,0.348,0.163
-8.632,3.99,-6.215,-0.003,0.332,0.117
-9.175,4.075,-6.182,-0.249,-0.066,-0.067
-7.787,3.642,-6.438,-0.22,-0.086,-0.101
-8.825,3.857,-6.036,-0.18,-0.019,-0.019
-8.357,3.795,-6.172,-0.299,-0.277,-0.169
-7.939,3.511,-5.997,-0.151,0.087,0.003
-8.39,3.759,-5.91,-0.147,0.086,0.01
-8.276,3.674,-5.81,-0.18,0.024,0.005
-8.461,3.755,-5.848,-0.188,-0.031,-0.005
-8.395,3.812,-5.764,-0.132,0.253,0.07
-8.532,3.709,-5.944,-0.172,0.168,0.036
-8.382,3.84,-5.758,-0.194,0.024,-0.01
-8.319,3.709,-5.784,-0.267,-0.075,-0.07
-8.121,3.749,-5.835,-0.173,0.125,0.028
-8.431,3.798,-5.721,-0.184,0.113,-0.009
-8.459,3.782,-5.708,-0.235,-0.09,-0.079
-7.533,3.57,-5.903,-0.216,-0.018,-0.045
-7.435,3.517,-5.868,0.012,0.577,0.191
-8.917,4.032,-5.637,0.042,0.457,0.193
-8.673,4.192,-5.564,-0.247,-0.006,-0.045
-7.896,3.71,-6.128,-0.23,0.036,-0.051
-8.249,3.976,-5.877,-0.079,0.174,0.083
-8.584,3.942,-5.636,-0.177,0.044,-0.045
-7.976,3.743,-5.808,-0.215,0.031,-0.081
-8.425,3.846,-5.68,-0.135,0.187,0.006
-8.396,3.923,-5.769,-0.168,0.098,-0.063
-8.023,3.731,-5.83,-0.198,0.094,-0.067
-8.053,3.818,-5.807,-0.108,0.193,0.013
-8.294,3.883,-5.661,-0.143,0.102,-0.019
-8.023,3.841,-5.674,-0.181,0.144,-0.025
-8.195,3.838,-5.695,-0.173,0.08,-0.021
-8.253,3.861,-5.623,-0.155,0.152,0.017
-8.321,3.881,-5.555,-0.207,0.102,-0.04
-8.371,3.783,-5.624,-0.218,-0.065,-0.061
-7.833,3.809,-5.462,-0.14,0.184,0.06
-10.606,4.483,-4.73,-0.342,-0.381,-0.141
-8.537,4.043,-4.76,-1.087,-2.363,-0.809
-6.375,2.588,-4.401,-0.913,-1.637,-0.594
-10.177,3.986,-2.345,-1.16,-2.737,-0.623
-4.345,1.864,-3.308,-1.555,-3.587,-1.081
-4.713,1.441,-1.288,-0.991,-1.752,-0.484
-3.448,1.026,-1.711,-1.31,-2.449,-0.655
-2.391,0.054,-1.887,-0.594,-1.382,-0.173
-2.152,0.423,-1.031,-0.312,-1.629,-0.122
-1.779,0.098,-0.609,-0.163,-0.841,-0.022
-1.355,0.309,-0.207,-0.059,-0.979,0.082
-0.476,0.154,-0.211,0.062,-0.557,0.102
-0.984,0.7,0.559,-0.002,-0.335,0.07
-0.582,0.499,0.399,-0.234,-0.09,-0.029
-1.012,0.492,0.124,-0.056,0.188,0.042
-0.101,0.323,-0.013,0.017,0.106,0.074
-1.024,0.743,0.253,0.034,0.492,0.061
-1.064,0.849,0.244,-0.106,0.217,-0.021
-0.594,0.739,-0.068,-0.1,0.325,0.014
-1.286,0.854,-0.136,-0.065,0.334,-0.012
-0.826,0.943,-0.292,-0.056,0.261,0.03
-1.141,0.83,-0.512,0.027,0.234,0.05
-0.924,1.143,-0.038,-0.024,0.071,0.076
-1.063,0.994,-0.388,0.044,-0.063,0.098
-0.633,1.087,0.378,0.098,0.124,0.104
-1.208,1.311,0.565,-0.235,-0.198,0.051
-0.305,0.885,-0.498,0.137,-0.07,0.119
-0.784,1.323,0.563,0.115,0.038,0.083
-0.352,1.335,0.406,0.076,0.128,0.071
-1.098,1.811,0.615,-0.17,0.02,0.003
-0.126,1.308,-0.25,-0.046,0.064,0.031
-1.41,1.72,1.129,-0.219,0.076,-0.021
-0.038,1.268,-0.279,-0.187,0.032,0.005
-1.028,1.772,0.46,-0.013,0.211,0.042
-0.426,1.413,-0.302,-0.165,-0.06,-0.003
-0.904,1.705,0.437,-0.094,0.229,-0.002
-0.352,1.456,-0.419,-0.174,0.074,-0.014
-0.413,1.617,0.324,-0.122,0.229,0.022
-0.781,1.513,0,-0.178,0.157,-0.013
-0.643,1.458,0.711,-0.096,0.172,-0.029
-0.861,1.626,0.375,-0.079,0.24,-0.069
-0.621,1.644,-0.018,-0.191,0.06,-0.106
0.123,1.367,-0.186,0.078,0.447,-0.032
-1.153,2.06,-0.114,-0.087,0.302,-0.051
-0.494,1.701,-0.305,-0.114,0.218,-0.006
-0.937,1.932,-0.047,-0.121,0.343,0.018
-1.421,1.702,0.583,-0.142,0.204,0.03
-0.546,1.653,-0.147,-0.057,0.202,-0.009
-0.844,1.89,0.294,-0.137,0.217,-0.014
-0.767,1.86,-0.063,-0.16,0.145,-0.02
-1.153,1.985,-0.041,-0.24,0.147,-0.033
-0.795,1.727,0.162,-0.375,-0.163,-0.054
-0.517,1.629,-0.004,-0.159,0.253,-0.005
-1.249,1.767,0.241,-0.2,0.096,-0.017
-0.8,1.687,-0.123,-0.189,0.078,-0.026
-0.765,1.648,0.298,-0.147,0.164,-0.029
-0.612,1.668,-0.148,-0.168,0.087,-0.013
-0.917,1.689,0.346,-0.142,0.147,-0.021
-0.691,1.683,-0.172,-0.189,0.121,-0.035
-0.812,1.665,0.224,-0.149,0.139,-0.002
-0.86,1.711,0.041,-0.169,0.134,-0.042
-0.603,1.555,0.162,-0.31,-0.046,-0.075
-0.297,1.501,-0.007,-0.079,0.347,-0.013
-1.433,2.018,-0.083,-0.167,0.188,-0.02
-0.858,1.586,0.102,-0.167,0.109,0.003
,,,,,
-2.245,2.185,-1.279,0.406,1.566,0.189
-2.905,2.485,-1.177,0.388,1.486,0.193
-3.955,2.782,-0.936,0.294,1.187,0.17
-2.167,2.255,-0.898,0.091,0.522,0.102
-3.115,2.565,-0.669,0.394,1.535,0.284
-4.902,3.129,-0.582,0.122,1.499,0.148
-4.542,3.047,-1.03,0.032,1.37,-0.03
-5.104,2.886,-1.097,-0.022,1.675,-0.016
-6.276,2.939,-1.632,-0.011,2.272,-0.138
-5.448,2.559,-3.189,-0.041,2.565,-0.133
-7.604,3.038,-3.909,0.144,2.4,-0.138
-7.238,3.156,-4.526,0.31,1.788,-0.231
-7.904,3.148,-4.432,0.183,1.047,-0.13
-6.376,2.607,-4.889,0.064,0.83,-0.174
-7.098,2.805,-5.192,0.381,1.269,0.148
-8.734,3.484,-4.891,0.26,0.946,0.091
-6.23,2.622,-6.235,0.13,0.882,0.064
-8.078,3.608,-6.145,0.637,1.936,0.737
-9.58,4.344,-6.132,0.258,0.98,0.486
-7.633,3.691,-7.667,0.341,1.367,0.407
-9.491,4.458,-7.361,0.303,1.158,0.46
-9.553,4.707,-7.695,0.003,0.428,0.084
-9.556,4.724,-7.509,-0.112,0.07,-0.146
-8.63,4.203,-8.013,-0.303,-0.194,-0.189
-8.932,4.442,-7.694,-0.101,0.131,0.026
-9.407,4.681,-7.459,-0.276,-0.229,-0.148
-7.02,3.667,-8.308,-0.04,0.396,0.114
-9.689,4.75,-7.375,0.119,0.663,0.295
-9.278,4.623,-7.696,-0.303,-0.143,-0.16
-8.006,4.147,-8.04,-0.263,-0.035,-0.124
-8.763,4.395,-7.898,-0.149,0.143,0.048
-8.923,4.545,-7.654,-0.158,0.048,-0.009
-8.677,4.301,-7.645,-0.227,0.054,-0.049
-8.553,4.308,-7.677,-0.157,0.14,0.042
-8.829,4.373,-7.664,-0.191,0.085,-0.008
-8.758,4.441,-7.563,-0.229,-0.036,-0.082
-8.495,4.325,-7.634,-0.153,0.196,0.053
-8.766,4.434,-7.563,-0.192,0.088,-0.027
-8.581,4.345,-7.732,-0.142,0.187,0.044
-8.83,4.393,-7.527,-0.189,0.082,-0.024
-8.534,4.226,-7.672,-0.112,0.207,0.034
-8.951,4.563,-7.399,-0.174,0.142,-0.013
-8.654,4.312,-7.72,-0.172,0.107,-0.05
-8.671,4.518,-7.466,-0.1,0.227,0.031
-8.745,4.361,-7.609,-0.191,0.078,-0.076
-8.819,4.501,-7.47,-0.122,0.142,0.028
-8.649,4.363,-7.442,-0.208,0.089,-0.073
-8.054,4.162,-7.69,-0.161,0.129,-0.019
-8.856,4.509,-7.428,-0.142,0.16,0.041
-8.763,4.399,-7.524,-0.211,0.039,-0.03
-8.613,4.348,-7.512,-0.137,0.22,0.035
-8.869,4.518,-7.311,-0.226,0.029,-0.02
-8.614,4.402,-7.393,-0.264,0.011,-0.069
-8.99,4.459,-7.265,-0.293,-0.188,-0.096
-9.007,4.453,-6.906,-0.436,-0.555,-0.198
-8.422,4.13,-6.761,-0.464,-0.548,-0.203
-8.29,4.123,-6.452,-0.409,-0.54,-0.116
-8.45,4.076,-6.098,-0.528,-0.699,-0.186
-7.927,3.715,-6.018,-0.431,-0.669,-0.101
-7.961,3.926,-5.382,-0.367,-0.724,-0.061
-8.399,3.717,-4.948,-0.532,-0.816,-0.139
-7.353,3.622,-4.857,-0.483,-0.854,-0.132
-7.767,3.542,-4.421,-0.436,-0.676,-0.082
-7.447,3.472,-3.971,-0.509,-0.935,-0.122
-7.008,3.191,-3.813,-0.475,-0.798,-0.124
-7.701,3.303,-3.189,-0.695,-1.642,-0.3
-5.139,2.628,-2.956,-0.624,-1.154,-0.247
-6.586,2.948,-1.894,-0.501,-0.966,-0.13
-4.713,2.294,-2.284,-0.579,-0.989,-0.188
-4.709,2.113,-1.894,-0.265,-0.14,0.043
-6.002,2.658,-1.413,-0.312,-0.542,-0.034
-4.186,2.124,-1.737,-0.345,-0.42,-0.069
-6.207,2.752,-0.776,-0.364,-0.694,-0.043
-3.054,1.65,-1.624,-0.459,-0.956,-0.14
-4.474,2.169,-0.986,-0.066,-0.296,0.086
-3.13,2.082,-1.142,-0.374,-1.393,-0.025
-2.247,1.687,-0.686,-0.201,-0.166,0.08
-4.014,2.514,-0.044,-0.232,-0.45,0.104
-2.292,1.711,-0.652,-0.402,-0.396,0.002
-3.595,2.254,-0.08,-0.208,-0.112,0.053
-1.663,1.589,-0.53,-0.394,-0.69,-0.053
-1.708,1.8,-0.33,-0.119,0.221,0.062
-3.384,2.35,0.209,-0.358,-0.675,-0.04
-1.037,1.488,-0.19,-0.307,-0.095,-0.056
-2.18,1.9,-0.134,-0.104,0.157,0.022
-1.737,1.705,0.063,-0.289,-0.062,-0.033
-2.184,1.771,-0.036,-0.11,0.232,-0.005
-1.662,1.535,-0.105,-0.34,-0.237,-0.086
-1.164,1.52,-0.06,-0.011,0.377,0.027
-2.163,1.851,0.225,-0.403,-0.192,-0.065
-0.79,1.229,-0.502,-0.165,0.196,-0.016
-2.614,1.9,0.236,-0.202,0.084,-0.008
-0.952,1.326,-0.482,-0.16,0.07,-0.013
-1.676,1.508,-0.018,0.01,0.463,0.073
-1.499,1.52,-0.135,-0.194,0.027,-0.005
-1.61,1.584,-0.2,-0.078,0.334,0.042
-1.991,1.808,0.083,-0.285,-0.09,-0.025
-1.148,1.325,-0.425,-0.107,0.238,0.017
-2.387,1.894,0.342,-0.174,0.112,-0.001
-1.259,1.347,-0.418,-0.202,0.072,-0.009
-1.706,1.705,0.01,0.003,0.323,0.058
-1.611,1.686,-0.105,-0.178,0.11,-0.002
-1.633,1.696,-0.445,-0.043,0.276,0.01
-2.063,1.994,0.084,-0.17,0.033,-0.017
-1.446,1.598,-0.2,-0.117,0.217,-0.015
-2.33,2.03,0.186,-0.188,0.069,-0.016
-1.322,1.464,-0.254,-0.258,-0.008,-0.046
-1.915,1.76,-0.012,-0.038,0.29,0.036
-1.453,1.629,0.005,-0.179,0.023,-0.031
-1.833,1.773,-0.002,-0.149,0.233,-0.003
-1.733,1.8,-0.018,-0.281,-0.012,-0.05
-1.398,1.468,-0.39,-0.106,0.2,-0.014
-2.271,2.169,0.401,-0.244,0.022,-0.008
-1.211,1.241,-0.473,-0.325,-0.056,-0.017
-1.676,1.791,0.035,0.016,0.372,0.043
-1.688,1.64,0.049,-0.288,-0.041,-0.028
-1.381,1.587,-0.256,-0.127,0.237,0.007
-1.912,1.714,-0.068,-0.192,0.076,0.014
-1.414,1.568,-0.123,-0.159,0.13,-0.005
,,,,,
-2.84,2.345,-0.67,0.93,3.568,0.527
-3.681,2.496,-0.763,0.945,3.697,0.52
-4.797,2.771,0.013,0.919,3.786,0.445
-6.995,2.412,-1.628,1.066,4.87,0.414
-8.226,4.033,-2.764,0.034,3.289,-0.051
-6.128,2.75,-4.69,0.277,3.398,0.195
-6.572,2.066,-5.209,0.216,2.398,0.504
-8.529,3.408,-6.274,0.457,1.453,0.098
-8.252,4.143,-5.134,0.201,0.724,-0.297
-8.108,3.418,-5.903,0.064,0.517,-0.155
-7.579,3.44,-6.197,0.047,0.058,-0.269
-7.902,3.984,-5.549,0.274,0.574,0.072
-8.957,3.78,-5.461,-0.048,0.153,-0.104
-7.669,3.341,-6.092,-0.062,0.069,-0.074
-8.529,3.958,-5.359,-0.048,0.174,0.068
-8.763,3.706,-5.558,-0.333,-0.18,-0.126
-7.733,3.309,-6.068,-0.145,0.116,0.094
-8.758,3.758,-5.739,-0.095,0.032,0.138
-8.08,3.637,-5.793,-0.238,-0.001,0.02
-8.052,3.42,-6.144,0.034,0.584,0.291
-8.97,4.198,-5.829,-0.047,0.155,0.173
-8.353,3.937,-6.015,-0.279,-0.053,-0.107
-7.892,3.67,-6.262,-0.17,0.017,-0.052
-8.436,4.046,-5.709,-0.095,0.151,0.04
-8.872,4.089,-5.447,-0.271,-0.215,-0.164
-7.549,3.531,-5.705,-0.318,-0.157,-0.177
-8.228,3.733,-5.543,-0.022,0.432,0.167
-8.75,4.073,-5.449,-0.159,0.142,0.012
-7.936,3.697,-5.866,-0.167,0.186,-0.005
-8.343,3.84,-5.801,-0.157,0.112,-0.023
-8.15,3.716,-5.795,-0.165,0.111,-0.043
-8.38,3.818,-5.856,-0.108,0.178,-0.028
-8.103,3.81,-5.747,-0.117,0.121,-0.046
-8.102,3.762,-5.691,-0.093,0.276,0.004
-8.294,3.839,-5.806,-0.084,0.175,-0.036
-8.124,3.796,-5.811,-0.124,0.18,-0.038
-8.426,3.79,-5.799,-0.129,0.138,-0.058
-8.157,3.783,-5.677,-0.135,0.154,-0.038
-8.325,3.819,-5.748,-0.155,0.13,-0.03
-8.247,3.802,-5.975,-0.146,0.124,-0.047
-8.313,3.825,-5.739,-0.145,0.13,-0.029
-8.262,3.838,-5.801,-0.149,0.197,-0.02
-8.29,3.822,-6.056,-0.102,0.171,-0.041
-8.186,3.82,-5.868,-0.141,0.152,-0.041
-8.165,3.766,-5.856,-0.116,0.215,-0.018
-8.396,3.79,-5.833,-0.08,0.242,0.002
-8.037,3.791,-5.874,-0.18,0.155,-0.026
-8.459,3.779,-5.85,-0.14,0.162,-0.009
-8.296,3.88,-5.711,-0.149,0.124,-0.009
-8.498,3.748,-5.82,-0.208,0.097,-0.02
-8.122,3.82,-6.086,-0.16,0.173,0.021
-8.432,3.966,-6.009,-0.179,0.14,-0.004
-8.1,3.834,-6.068,-0.193,0.145,0.011
-8.264,3.882,-6.129,-0.11,0.156,0.024
-8.333,3.812,-5.891,-0.141,0.159,0.005
-8.182,3.8,-5.978,-0.144,0.215,-0.008
-8.727,3.974,-5.975,-0.114,0.124,-0.017
-8.313,3.831,-5.668,-0.232,0.042,-0.074
-8.739,3.944,-5.737,-0.23,0.092,-0.044
-9.826,4.349,-5.112,-0.474,-0.731,-0.273
-11.146,4.667,-4.363,-1.278,-3.439,-1.024
-9.661,3.785,-5.028,-2.115,-7.148,-1.799
0.33,1.077,-4.53,-1.53,-6.61,-1.01
1.439,-0.047,-1.524,0.02,-1.507,0.408
-3.012,2.082,0.535,-0.587,-1.755,0.218
0.211,0.742,-0.577,-0.234,-0.454,0.233
-1.494,1.203,0.115,-0.071,0.286,0.197
-1.302,1.251,0.138,0.096,0.482,0.174
-2.149,1.528,0.375,0.049,0.6,0.077
-1.695,1.458,0.121,-0.046,0.439,-0.006
-2.52,1.608,0.212,-0.071,0.513,-0.029
-1.33,1.113,-0.609,-0.135,0.094,-0.111
-0.887,1.293,0.002,0.083,0.648,0.048
-2.555,1.793,0.244,-0.246,0.055,-0.037
-1.203,1.323,-0.336,-0.106,0.36,0.048
-3.328,2.143,0.594,-0.196,0.08,0.067
-1.365,1.243,-0.627,-0.377,-0.28,-0.018
-1.232,1.323,-0.31,-0.005,0.54,0.133
-2.647,1.816,-0.105,-0.183,0.091,0.051
-1.601,1.518,-0.321,-0.093,0.226,0.055
-2.844,1.791,-0.109,-0.08,0.269,0.074
-1.897,1.632,-0.186,-0.051,0.245,0.007
-2.759,1.955,-0.062,-0.1,0.265,0.029
-1.906,1.63,-0.294,-0.232,-0.047,-0.029
-2.201,1.755,-0.198,-0.074,0.28,0.013
-2.03,1.806,0.163,-0.238,-0.033,-0.029
-1.797,1.539,-0.242,-0.155,0.213,0.012
-2.563,1.954,0.092,-0.244,-0.016,-0.034
-1.514,1.434,-0.382,-0.205,0.092,-0.016
-2.533,1.869,0.11,-0.124,0.192,0.024
-1.805,1.512,-0.469,-0.228,0.008,-0.043
-1.921,1.745,0.062,-0.061,0.306,0.028
-2.192,1.717,-0.007,-0.323,-0.066,-0.043
-1.541,1.332,-0.644,-0.145,0.157,-0.021
-2.55,1.918,0.157,-0.098,0.227,0.02
-1.689,1.538,-0.217,-0.209,0.06,-0.043
-2.024,1.648,-0.3,-0.075,0.244,0.022
-1.938,1.603,-0.03,-0.206,0.014,-0.023
-1.742,1.569,-0.265,-0.155,0.201,0.006
-2.11,1.603,-0.463,-0.131,0.063,-0.015
-1.969,1.675,0.107,-0.121,0.173,0.012
-2.333,1.829,0.103,-0.208,0.084,-0.027
-1.648,1.555,-0.395,-0.149,0.088,-0.025
-2.23,1.785,0.101,-0.103,0.242,0.003
-1.945,1.664,0.055,-0.231,0.042,-0.049
-1.761,1.629,-0.323,-0.114,0.192,-0.011
-2.012,1.723,0.074,-0.267,0.013,-0.031
-1.617,1.459,-0.405,-0.161,0.178,0
-2.095,1.79,-0.098,-0.138,0.103,0.009
-1.913,1.638,-0.024,-0.257,0.091,-0.006
-1.908,1.772,-0.231,-0.162,0.165,0.018
-1.742,1.501,-0.376,-0.133,0.112,-0.019
-2.045,1.786,0.071,-0.146,0.198,0.001
-1.826,1.56,-0.283,-0.244,0.026,-0.044
-1.676,1.547,-0.194,-0.09,0.214,0.01
-2.258,1.772,0.305,-0.204,0.106,-0.019
-1.531,1.535,-0.279,-0.198,0.126,-0.028
-2.108,1.72,-0.059,-0.143,0.14,0.007
-1.718,1.505,-0.22,-0.172,0.114,-0.035
